id_utente,nome
1,Stevana Griffith
2,Felike Karpov
3,Nydia Saberton
4,Nady Ilyukhov
5,Bertie Rutigliano
6,Sam Gajewski
7,Consuela McLugaish
8,Mil Kennady
9,Barnard Heisler
10,Elyn Simmonite
11,Melosa Crownshaw
12,Shell Mepsted
13,Harold Kenchington
14,Therine Pomfret
15,Matthias Staddon
16,Chrissie Canadas
17,Callean Earsman
18,Brooke Drejer
19,Letty Nenci
20,Korrie Featherstone
21,Jorry Migheli
22,Demott Tuff
23,Page Chuney
24,Arabela Rispine
25,Goldarina Royall
26,Maurizia Birtwisle
27,Findlay Phythian
28,Barbabas Bennike
29,Lazar Sloey
30,Bettine Benninger
31,Correna Gradley
32,Erda Poland
33,Salvador Blennerhassett
34,Hakeem Matthews
35,Flore Fruchon
36,Arlee Huckel
37,Dallon Costi
38,Benedetta Cordelet
39,Ferrel Burdin
40,Brewster Borg-Bartolo
41,Ody Mower
42,Celestina Woodroof
43,Janith Rockcliffe
44,Felipa Thulborn
45,Robin Kayley
46,Bettine Grassin
47,Nickolaus Capewell
48,Kenna Gaitskill
49,Dino Aguirrezabala
50,Otis Jacop
51,Rubie Bunyan
52,Almire Harkus
53,Maegan Rapelli
54,Robby Espada
55,Jake Sudddard
56,Gardie McLelland
57,Aurel Ginity
58,Harris Rengger
59,Bella Mebs
60,Ardelis Berni
61,Evangelia Breming
62,Darius Osmant
63,Isac Misken
64,Mac Streatfeild
65,Johny Gohn
66,Bridget Belfit
67,Lev Grindall
68,Ailene Gypps
69,Kendal Lukasen
70,Rayshell Ashness
71,Noelle Wych
72,Gannie Pentycross
73,Jenny Seabourne
74,Fernande Tertre
75,Angelia Flowerden
76,Petra O'Luney
77,Franky Borham
78,Rubina Limming
79,Mahmoud Dowman
80,Cornelle Penrose
81,Miquela Liley
82,Blayne Roderick
83,Bartie Parramore
84,Ronald Dearnley
85,Christos Gleeson
86,Stephen Fox
87,Marney Messier
88,Emalee Birdsall
89,Randene Maxsted
90,Lynnette Werny
91,Maia Shovel
92,Hercule Wanless
93,Rici Wesker
94,Heath Joss
95,Gerladina Klasing
96,Grethel Boyn
97,Lewes Lax
98,Roth Sorley
99,Dar Morter
100,Carena Godfrey
